{"neuron_update": 90.33304106785904, "presynaptic_update": 383.9802866237785, "custom_update_reset": 0.20116403303662608, "custom_update_gradient_batch_reduce": 7.632371441781208, "custom_update_gradient_learn": 0.43213532785881814, "custom_update_batch_softmax_1": 0.16747926652890963, "custom_update_batch_softmax_2": 0.16334160205716375, "custom_update_batch_softmax_3": 0.14131929534042167, "custom_update_spike_count_reduce": 0.18494038551294847, "custom_update_zero_out_post": 0.16967462636430952}