{"neuron_update": 98.88323592224717, "presynaptic_update": 803.9273548622912, "custom_update_reset": 0.21755385645986214, "custom_update_gradient_batch_reduce": 51.66260795688786, "custom_update_gradient_learn": 2.063609394490318, "custom_update_batch_softmax_1": 0.15223072192347034, "custom_update_batch_softmax_2": 0.15005171341956472, "custom_update_batch_softmax_3": 0.14253094401975283, "custom_update_spike_count_reduce": 0.2576055031772189, "custom_update_zero_out_post": 0.17305536212765688}