{"neuron_update": 157.3352642091629, "presynaptic_update": 378.60414592678717, "custom_update_reset": 0.1980131852127992, "custom_update_gradient_batch_reduce": 7.590671589939896, "custom_update_gradient_learn": 0.42269059059954156, "custom_update_batch_softmax_1": 0.15988349047297276, "custom_update_batch_softmax_2": 0.147340224429232, "custom_update_batch_softmax_3": 0.14377503990495333, "custom_update_spike_count_reduce": 0.18850876937055736, "custom_update_zero_out_post": 0.17203600221260631}