{"neuron_update": 500.9122549505359, "presynaptic_update": 1478.933980038749, "custom_update_reset": 0.23045517009211366, "custom_update_gradient_batch_reduce": 51.6908623373531, "custom_update_gradient_learn": 2.077228981725583, "custom_update_batch_softmax_1": 0.17709241790970398, "custom_update_batch_softmax_2": 0.14962742494880682, "custom_update_batch_softmax_3": 0.13196927875836673, "custom_update_spike_count_reduce": 0.23193785881478013, "custom_update_zero_out_post": 0.17964067373092937}