{"neuron_update": 253.70889586733256, "presynaptic_update": 1060.355438679783, "custom_update_reset": 0.22266464068781872, "custom_update_gradient_batch_reduce": 51.64196658349188, "custom_update_gradient_learn": 2.0664834120718854, "custom_update_batch_softmax_1": 0.16285523463919188, "custom_update_batch_softmax_2": 0.16104409847588794, "custom_update_batch_softmax_3": 0.1456869441954975, "custom_update_spike_count_reduce": 0.23083917080278926, "custom_update_zero_out_post": 0.17855628981807495}