{"neuron_update": 37.30812643038182, "presynaptic_update": 282.02689208111354, "custom_update_reset": 0.20268403298588597, "custom_update_gradient_batch_reduce": 7.69533267486084, "custom_update_gradient_learn": 0.4139732768284438, "custom_update_batch_softmax_1": 0.16455801855300647, "custom_update_batch_softmax_2": 0.15309792132856986, "custom_update_batch_softmax_3": 0.14229251154927794, "custom_update_spike_count_reduce": 0.19171760135231325, "custom_update_zero_out_post": 0.17003366657386296}